<?xml version="1.0" encoding="UTF-8"?>
<GenRun Id="impl_1" LaunchPart="xc7z020clg400-1" LaunchTime="1763427720">
  <File Type="ROUTE-PWR" Name="SystemDemo_power_routed.rpt"/>
  <File Type="PA-TCL" Name="SystemDemo.tcl"/>
  <File Type="BITSTR-BMM" Name="SystemDemo_bd.bmm"/>
  <File Type="ROUTE-PWR-SUM" Name="SystemDemo_power_summary_routed.pb"/>
  <File Type="REPORTS-TCL" Name="SystemDemo_reports.tcl"/>
  <File Type="OPT-DCP" Name="SystemDemo_opt.dcp"/>
  <File Type="OPT-DRC" Name="SystemDemo_drc_opted.rpt"/>
  <File Type="OPT-HWDEF" Name="SystemDemo.hwdef"/>
  <File Type="PWROPT-DCP" Name="SystemDemo_pwropt.dcp"/>
  <File Type="PLACE-DCP" Name="SystemDemo_placed.dcp"/>
  <File Type="PLACE-IO" Name="SystemDemo_io_placed.rpt"/>
  <File Type="PLACE-UTIL" Name="SystemDemo_utilization_placed.rpt"/>
  <File Type="PLACE-UTIL-PB" Name="SystemDemo_utilization_placed.pb"/>
  <File Type="PLACE-CTRL" Name="SystemDemo_control_sets_placed.rpt"/>
  <File Type="PLACE-PRE-SIMILARITY" Name="SystemDemo_incremental_reuse_pre_placed.rpt"/>
  <File Type="BG-BGN" Name="SystemDemo.bgn"/>
  <File Type="POSTPLACE-PWROPT-DCP" Name="SystemDemo_postplace_pwropt.dcp"/>
  <File Type="BG-BIN" Name="SystemDemo.bin"/>
  <File Type="PHYSOPT-DCP" Name="SystemDemo_physopt.dcp"/>
  <File Type="BITSTR-MSK" Name="SystemDemo.msk"/>
  <File Type="ROUTE-ERROR-DCP" Name="SystemDemo_routed_error.dcp"/>
  <File Type="ROUTE-DCP" Name="SystemDemo_routed.dcp"/>
  <File Type="ROUTE-BLACKBOX-DCP" Name="SystemDemo_routed_bb.dcp"/>
  <File Type="ROUTE-DRC" Name="SystemDemo_drc_routed.rpt"/>
  <File Type="ROUTE-DRC-PB" Name="SystemDemo_drc_routed.pb"/>
  <File Type="ROUTE-DRC-RPX" Name="SystemDemo_drc_routed.rpx"/>
  <File Type="BITSTR-LTX" Name="SystemDemo.ltx"/>
  <File Type="ROUTE-METHODOLOGY-DRC" Name="SystemDemo_methodology_drc_routed.rpt"/>
  <File Type="BITSTR-MMI" Name="SystemDemo.mmi"/>
  <File Type="ROUTE-METHODOLOGY-DRC-RPX" Name="SystemDemo_methodology_drc_routed.rpx"/>
  <File Type="ROUTE-METHODOLOGY-DRC-PB" Name="SystemDemo_methodology_drc_routed.pb"/>
  <File Type="BITSTR-SYSDEF" Name="SystemDemo.sysdef"/>
  <File Type="ROUTE-PWR-RPX" Name="SystemDemo_power_routed.rpx"/>
  <File Type="ROUTE-STATUS" Name="SystemDemo_route_status.rpt"/>
  <File Type="ROUTE-STATUS-PB" Name="SystemDemo_route_status.pb"/>
  <File Type="ROUTE-TIMINGSUMMARY" Name="SystemDemo_timing_summary_routed.rpt"/>
  <File Type="ROUTE-TIMING-PB" Name="SystemDemo_timing_summary_routed.pb"/>
  <File Type="ROUTE-TIMING-RPX" Name="SystemDemo_timing_summary_routed.rpx"/>
  <File Type="ROUTE-CLK" Name="SystemDemo_clock_utilization_routed.rpt"/>
  <File Type="ROUTE-BUS-SKEW" Name="SystemDemo_bus_skew_routed.rpt"/>
  <File Type="ROUTE-BUS-SKEW-PB" Name="SystemDemo_bus_skew_routed.pb"/>
  <File Type="ROUTE-BUS-SKEW-RPX" Name="SystemDemo_bus_skew_routed.rpx"/>
  <File Type="POSTROUTE-PHYSOPT-DCP" Name="SystemDemo_postroute_physopt.dcp"/>
  <File Type="POSTROUTE-PHYSOPT-BLACKBOX-DCP" Name="SystemDemo_postroute_physopt_bb.dcp"/>
  <File Type="BG-BIT" Name="SystemDemo.bit"/>
  <File Type="BITSTR-RBT" Name="SystemDemo.rbt"/>
  <File Type="BITSTR-NKY" Name="SystemDemo.nky"/>
  <File Type="BG-DRC" Name="SystemDemo.drc"/>
  <File Type="RDI-RDI" Name="SystemDemo.vdi"/>
  <File Type="WBT-USG" Name="usage_statistics_webtalk.html"/>
  <FileSet Name="sources" Type="DesignSrcs" RelSrcDir="$PSRCDIR/sources_1">
    <Filter Type="Srcs"/>
    <File Path="$PPRDIR/../../tai_lieu/lab 2/CLA_Resource-20251115/cla.v">
      <FileInfo>
        <Attr Name="UsedIn" Val="synthesis"/>
        <Attr Name="UsedIn" Val="implementation"/>
        <Attr Name="UsedIn" Val="simulation"/>
      </FileInfo>
    </File>
    <File Path="$PPRDIR/../../tai_lieu/lab 2/CLA_Resource-20251115/system.v">
      <FileInfo>
        <Attr Name="UsedIn" Val="synthesis"/>
        <Attr Name="UsedIn" Val="implementation"/>
        <Attr Name="UsedIn" Val="simulation"/>
      </FileInfo>
    </File>
    <Config>
      <Option Name="DesignMode" Val="RTL"/>
      <Option Name="TopModule" Val="SystemDemo"/>
      <Option Name="TopAutoSet" Val="TRUE"/>
    </Config>
  </FileSet>
  <FileSet Name="constrs_in" Type="Constrs" RelSrcDir="$PSRCDIR/constrs_1">
    <Filter Type="Constrs"/>
    <File Path="$PPRDIR/../../digilent-xdc-master/digilent-xdc-master/Arty-Z7-20-Master.xdc">
      <FileInfo>
        <Attr Name="UsedIn" Val="synthesis"/>
        <Attr Name="UsedIn" Val="implementation"/>
      </FileInfo>
    </File>
    <Config>
      <Option Name="ConstrsType" Val="XDC"/>
    </Config>
  </FileSet>
  <Strategy Version="1" Minor="2">
    <StratHandle Name="Vivado Implementation Defaults" Flow="Vivado Implementation 2018"/>
    <Step Id="init_design"/>
    <Step Id="opt_design"/>
    <Step Id="power_opt_design"/>
    <Step Id="place_design"/>
    <Step Id="post_place_power_opt_design"/>
    <Step Id="phys_opt_design"/>
    <Step Id="route_design"/>
    <Step Id="post_route_phys_opt_design"/>
    <Step Id="write_bitstream"/>
  </Strategy>
</GenRun>
